,0
0,"RT @GabbbarSingh: 3. Also, the captured pilot is a great leverage for no more escalation. Things may normalize. But who will console the fa‚Ä¶"
1,"RT @ashoswai: What a day for Indian media!
Morning- Modi led our air force to enter inside Pakistan &amp; kill 300 terrorists to take revenge o‚Ä¶"
2,"RT @abhijitmajumder: 1993 Mumbai
1998 Coimbatore
2001 Parliament attack
2002 Akshardham
2003, 2006 Mumbai trains
2005 Delhi
2006 Varanasi
2‚Ä¶"
3,@Rmnroy242 @aajtak Yes you are right #Pakistan doesn't have power or possess that #courage to show. The one who is‚Ä¶ https://t.co/nQSIGfwym8
4,"RT @hvgoenka: A lovely sketch made by @art_lover_09 #pulwama
 https://t.co/tKYp2dHUN8"
5,"RT @abhijitmajumder: 1993 Mumbai
1998 Coimbatore
2001 Parliament attack
2002 Akshardham
2003, 2006 Mumbai trains
2005 Delhi
2006 Varanasi
2‚Ä¶"
6,"RT @saikatd: India's 'North Korean' news channels need to seriously stop reporting PM Modi has given a ""free hand"" to the military. Didn't‚Ä¶"
7,RT @Abhina_Prakash: Liberals are asking which nationalist is willing to swap place with the Wing Commander Abhinandan. Sure we will tell th‚Ä¶
8,"RT @rahulroushan: Sardesai retaliates like a street thug when someone provokes him, abuses in DM if someone trolls him. Now he says it's na‚Ä¶"
9,RT @SikanderFayyaz: Pakistanis aren't getting enough credit for how they've behaved since Pulwama. No toxic hyper-nationalism. Didn't respo‚Ä¶
10,"RT @SureshNakhua: We agreed for peace 
they did 93‚Äô Mumbai

We agreed for peace 
they did Kargil

We agreed for peace 
they did Kandhar

We‚Ä¶"
11,"RT @AskAnshul: Pakistan media quoted Rajdeep, Sagarika &amp; Ashok Swain to imply:

-No Air strike
-No solid evidence of strike.
-Pulwama attac‚Ä¶"
12,"RT @rohini_sgh: First #BringAbhinandanBack. Second , take responsibility for the lapses that led to Pulwama despite intel inputs. It‚Äôs all‚Ä¶"
13,"RT @saikatd: India's 'North Korean' news channels need to seriously stop reporting PM Modi has given a ""free hand"" to the military. Didn't‚Ä¶"
14,"RT @abhijitmajumder: 1993 Mumbai
1998 Coimbatore
2001 Parliament attack
2002 Akshardham
2003, 2006 Mumbai trains
2005 Delhi
2006 Varanasi
2‚Ä¶"
15,"RT @abhijitmajumder: 1993 Mumbai
1998 Coimbatore
2001 Parliament attack
2002 Akshardham
2003, 2006 Mumbai trains
2005 Delhi
2006 Varanasi
2‚Ä¶"
16,"RT @SayeedaWarsi: My intervention today ‚Å¶@UKHouseofLords‚Å© 
Facts- ‚Å¶@ImranKhanPTI‚Å© has
1. Clearly &amp; unequivocally condemned #Pulwama attack‚Ä¶"
17,"RT @abhijitmajumder: 1993 Mumbai
1998 Coimbatore
2001 Parliament attack
2002 Akshardham
2003, 2006 Mumbai trains
2005 Delhi
2006 Varanasi
2‚Ä¶"
18,"RT @suchitrav: Vasundhara Sirnate and I analyzed the news reports since the #pulwamaattacks 

Our analysis of various Indian media news rep‚Ä¶"
19,RT @dhume: Both true: 1. Modi‚Äôs response to Pulwama attack is much stronger than Manmohan Singh‚Äôs to 2008 Mumbai attacks. 2. India‚Äôs restra‚Ä¶
20,"RT @chetan_bhagat: Reacting when our soldiers are killed isn't war mongering, it is self defence. Nobody in India wants war. We were happil‚Ä¶"
21,"RT @saikatd: India's 'North Korean' news channels need to seriously stop reporting PM Modi has given a ""free hand"" to the military. Didn't‚Ä¶"
22,RT @squintneon: If Warmongering is responsible for Abhinandan then peace talk is responsible for 40 soldiers killed in Pulwama.
23,"RT @suchitrav: Vasundhara Sirnate and I analyzed the news reports since the #pulwamaattacks 

Our analysis of various Indian media news rep‚Ä¶"
24,"RT @SayeedaWarsi: My intervention today ‚Å¶@UKHouseofLords‚Å© 
Facts- ‚Å¶@ImranKhanPTI‚Å© has
1. Clearly &amp; unequivocally condemned #Pulwama attack‚Ä¶"
25,RT @nina11_arora: @Subytweets And after Pulwama he was singing &amp; dancing! Why don‚Äôt  they all just start a Bhand Jumlawale Party of their o‚Ä¶
26,"RT @SayeedaWarsi: My intervention today ‚Å¶@UKHouseofLords‚Å© 
Facts- ‚Å¶@ImranKhanPTI‚Å© has
1. Clearly &amp; unequivocally condemned #Pulwama attack‚Ä¶"
27,"RT @SureshNakhua: We agreed for peace 
they did 93‚Äô Mumbai

We agreed for peace 
they did Kargil

We agreed for peace 
they did Kandhar

We‚Ä¶"
28,RT @Pawankhera: My appeal to India‚Äôs ruling party - please stop taking cheap political mileage of the tragic killings of our Jawans in #Pul‚Ä¶
29,"Don't beat the war drums, it might end up being your worst nightmare, Pakistan. You should have not started the con‚Ä¶ https://t.co/NoEKa8w59P"
30,"RT @abhijitmajumder: 1993 Mumbai
1998 Coimbatore
2001 Parliament attack
2002 Akshardham
2003, 2006 Mumbai trains
2005 Delhi
2006 Varanasi
2‚Ä¶"
31,"@_sabanaqvi 1993 Mumbai
1998 Coimbatore
2001 Parliament attack
2002 Akshardham
2003, 2006 Mumbai trains
2005 Delhi‚Ä¶ https://t.co/6JywM0OuKx"
32,"RT @abhijitmajumder: 1993 Mumbai
1998 Coimbatore
2001 Parliament attack
2002 Akshardham
2003, 2006 Mumbai trains
2005 Delhi
2006 Varanasi
2‚Ä¶"
33,@AnanyaTripathy6 @113tiwarivishnu really tell me who is with you ? who saidn athing about pulwama simple answer nob‚Ä¶ https://t.co/XN5LLyh91N
34,"RT @abhijitmajumder: 1993 Mumbai
1998 Coimbatore
2001 Parliament attack
2002 Akshardham
2003, 2006 Mumbai trains
2005 Delhi
2006 Varanasi
2‚Ä¶"
35,"RT @rahulroushan: Sardesai retaliates like a street thug when someone provokes him, abuses in DM if someone trolls him. Now he says it's na‚Ä¶"
36,RT @arunjaitley: The Cross Border terror attack in Pulwama was a reality. The Balakot Operation was India‚Äôs Anti- Terror preemptive strike‚Ä¶
37,RT @arunjaitley: The Cross Border terror attack in Pulwama was a reality. The Balakot Operation was India‚Äôs Anti- Terror preemptive strike‚Ä¶
38,"RT @SmokingSkills_: We agreed for peace they did 93‚Äô Mumbai

We agreed for peace they did Kargil

We agreed for peace they did Kandhar

We‚Ä¶"
39,"RT @SureshNakhua: We agreed for peace 
they did 93‚Äô Mumbai

We agreed for peace 
they did Kargil

We agreed for peace 
they did Kandhar

We‚Ä¶"
40,#Abhinandan #JaiHind #Pulwama #BringBackAbhinandan https://t.co/kvirO4vCYJ
41,RT @Pawankhera: My appeal to India‚Äôs ruling party - please stop taking cheap political mileage of the tragic killings of our Jawans in #Pul‚Ä¶
42,RT @ANI: FM Jaitley: Cross border terror attack in Pulwama was a reality. Balakot Operation was India‚Äôs anti- terror preemptive strike to d‚Ä¶
43,"RT @art_lover_09: Pulwama üôèüèª
Jai Hind. 
#IndiaStrikesBack #IndianAirForce https://t.co/EQovmegOBc"
44,"1993 Mumbai
1998 Coimbatore
2001 Parliament attack
2002 Akshardham
2003, 2006 Mumbai trains
2005 Delhi
2006 Varanas‚Ä¶ https://t.co/3Mblg6wnXd"
45,"RT @SureshNakhua: We agreed for peace 
they did 93‚Äô Mumbai

We agreed for peace 
they did Kargil

We agreed for peace 
they did Kandhar

We‚Ä¶"
46,"RT @abhijitmajumder: 1993 Mumbai
1998 Coimbatore
2001 Parliament attack
2002 Akshardham
2003, 2006 Mumbai trains
2005 Delhi
2006 Varanasi
2‚Ä¶"
47,"RT @DimpleAtra: KaMalala had gone punting on the day of #Pulwama Jihadi attack against Hindus, it appears. Back now with her tutored sermon‚Ä¶"
48,"RT @abhijitmajumder: 1993 Mumbai
1998 Coimbatore
2001 Parliament attack
2002 Akshardham
2003, 2006 Mumbai trains
2005 Delhi
2006 Varanasi
2‚Ä¶"
49,"RT @PakPMO: I ask India; with our weapons capability...on both sides, can we afford a miscalculation? It will neither be in my control nor‚Ä¶"
50,"RT @SayeedaWarsi: My intervention today ‚Å¶@UKHouseofLords‚Å© 
Facts- ‚Å¶@ImranKhanPTI‚Å© has
1. Clearly &amp; unequivocally condemned #Pulwama attack‚Ä¶"
51,"RT @AskAnshul: Pakistan media quoted Rajdeep, Sagarika &amp; Ashok Swain to imply:

-No Air strike
-No solid evidence of strike.
-Pulwama attac‚Ä¶"
52,"RT @SureshNakhua: We agreed for peace 
they did 93‚Äô Mumbai

We agreed for peace 
they did Kargil

We agreed for peace 
they did Kandhar

We‚Ä¶"
53,"RT @saikatd: India's 'North Korean' news channels need to seriously stop reporting PM Modi has given a ""free hand"" to the military. Didn't‚Ä¶"
54,"RT @rahulroushan: Sardesai retaliates like a street thug when someone provokes him, abuses in DM if someone trolls him. Now he says it's na‚Ä¶"
55,"RT @abhijitmajumder: 1993 Mumbai
1998 Coimbatore
2001 Parliament attack
2002 Akshardham
2003, 2006 Mumbai trains
2005 Delhi
2006 Varanasi
2‚Ä¶"
56,"RT @abhijitmajumder: 1993 Mumbai
1998 Coimbatore
2001 Parliament attack
2002 Akshardham
2003, 2006 Mumbai trains
2005 Delhi
2006 Varanasi
2‚Ä¶"
57,"RT @SayeedaWarsi: My intervention today ‚Å¶@UKHouseofLords‚Å© 
Facts- ‚Å¶@ImranKhanPTI‚Å© has
1. Clearly &amp; unequivocally condemned #Pulwama attack‚Ä¶"
58,"RT @suchitrav: Vasundhara Sirnate and I analyzed the news reports since the #pulwamaattacks 

Our analysis of various Indian media news rep‚Ä¶"
59,"RT @PakPMO: I ask India; with our weapons capability...on both sides, can we afford a miscalculation? It will neither be in my control nor‚Ä¶"
60,"RT @hvgoenka: A lovely sketch made by @art_lover_09 #pulwama
 https://t.co/tKYp2dHUN8"
61,"RT @abhijitmajumder: 1993 Mumbai
1998 Coimbatore
2001 Parliament attack
2002 Akshardham
2003, 2006 Mumbai trains
2005 Delhi
2006 Varanasi
2‚Ä¶"
62,"RT @SayeedaWarsi: My intervention today ‚Å¶@UKHouseofLords‚Å© 
Facts- ‚Å¶@ImranKhanPTI‚Å© has
1. Clearly &amp; unequivocally condemned #Pulwama attack‚Ä¶"
63,"RT @abhijitmajumder: 1993 Mumbai
1998 Coimbatore
2001 Parliament attack
2002 Akshardham
2003, 2006 Mumbai trains
2005 Delhi
2006 Varanasi
2‚Ä¶"
64,RT @amritabhinder: The Cross Border terror attack in Pulwama was a reality. Balakot Operation was India‚Äôs Anti- Terror preemptive strike to‚Ä¶
65,"RT @abhijitmajumder: 1993 Mumbai
1998 Coimbatore
2001 Parliament attack
2002 Akshardham
2003, 2006 Mumbai trains
2005 Delhi
2006 Varanasi
2‚Ä¶"
66,RT @sadhavi: Shameless creatures! India is watching you guys. When the nation was mourning #Pulwama BJP was electioneering and now when our‚Ä¶
67,RT @amritabhinder: The Cross Border terror attack in Pulwama was a reality. Balakot Operation was India‚Äôs Anti- Terror preemptive strike to‚Ä¶
68,RT @ncbn: Condemned the dastardly Pulwama attack at the opposition meeting with leaders of 21 political parties in New Delhi. We stand in s‚Ä¶
69,"RT @abhijitmajumder: 1993 Mumbai
1998 Coimbatore
2001 Parliament attack
2002 Akshardham
2003, 2006 Mumbai trains
2005 Delhi
2006 Varanasi
2‚Ä¶"
70,RT @Abhina_Prakash: Liberals are asking which nationalist is willing to swap place with the Wing Commander Abhinandan. Sure we will tell th‚Ä¶
71,"RT @rishibagree: It was Pakistan Who did repeatedly did 

93 bombay blasts 
Kargil
Kandahar 
Kaluchak Massacre
Parliament,
26//11
Pathankot‚Ä¶"
72,"RT @SayeedaWarsi: My intervention today ‚Å¶@UKHouseofLords‚Å© 
Facts- ‚Å¶@ImranKhanPTI‚Å© has
1. Clearly &amp; unequivocally condemned #Pulwama attack‚Ä¶"
73,"RT @SayeedaWarsi: My intervention today ‚Å¶@UKHouseofLords‚Å© 
Facts- ‚Å¶@ImranKhanPTI‚Å© has
1. Clearly &amp; unequivocally condemned #Pulwama attack‚Ä¶"
74,"RT @SurajSolanki: ‡§µ‡§ø‡§™‡§ï‡•ç‡§∑‡•Ä ‡§¶‡§≤‡•ã‡§Ç ‡§ï‡•Ä ‡§¨‡•à‡§†‡§ï ‡§Æ‡•á‡§Ç 21 ‡§¶‡§≤ ‡§π‡•Å‡§è ‡§∂‡§æ‡§Æ‡§ø‡§≤, ‡§¨‡•à‡§†‡§ï ‡§Æ‡•á‡§Ç #‡§™‡•Å‡§≤‡§µ‡§æ‡§Æ‡§æ ‡§π‡§Æ‡§≤‡•á ‡§ï‡•á ‡§∂‡§π‡•Ä‡§¶‡•ã‡§Ç ‡§ï‡•ã ‡§∂‡•ç‡§∞‡§¶‡•ç‡§ß‡§æ‡§Ç‡§ú‡§≤‡§ø ‡§Ö‡§∞‡•ç‡§™‡§ø‡§§ ‡§ï‡•Ä ‡§ó‡§à‡•§ ‡§∞‡§æ‡§π‡•Å‡§≤ ‡§ó‡§æ‡§Ç‡§ß‡•Ä ‡§®‡•á ‡§≤‡§æ‚Ä¶"
75,"RT @SureshNakhua: We agreed for peace 
they did 93‚Äô Mumbai

We agreed for peace 
they did Kargil

We agreed for peace 
they did Kandhar

We‚Ä¶"
76,"RT @suchitrav: Vasundhara Sirnate and I analyzed the news reports since the #pulwamaattacks 

Our analysis of various Indian media news rep‚Ä¶"
77,RT @arunjaitley: The Cross Border terror attack in Pulwama was a reality. The Balakot Operation was India‚Äôs Anti- Terror preemptive strike‚Ä¶
78,RT @theskindoctor13: Liberals shedding crocodile tears for Wg Cdr Abhinandan were celebrating when 44 of our soldiers were brutaIIy kiIIed‚Ä¶
79,RT @amritabhinder: The Cross Border terror attack in Pulwama was a reality. Balakot Operation was India‚Äôs Anti- Terror preemptive strike to‚Ä¶
80,RT @Pawankhera: My appeal to India‚Äôs ruling party - please stop taking cheap political mileage of the tragic killings of our Jawans in #Pul‚Ä¶
81,"RT @Ya_2317: Those crying #BringBackAbhinandan remember Major VibhutiDhaundiyal? You can't bring Nikita's man back?
And Major Chitrash Bish‚Ä¶"
82,"RT @AskAnshul: Pakistan media quoted Rajdeep, Sagarika &amp; Ashok Swain to imply:

-No Air strike
-No solid evidence of strike.
-Pulwama attac‚Ä¶"
83,RT @AdityaRajKaul: Masood Azhar in his 10 min audio also hits out at Pak media for their stories post-Pulwama terror attack. Asks: Are VIP‚Ä¶
84,RT @arunjaitley: The Cross Border terror attack in Pulwama was a reality. The Balakot Operation was India‚Äôs Anti- Terror preemptive strike‚Ä¶
85,RT @arunjaitley: The Cross Border terror attack in Pulwama was a reality. The Balakot Operation was India‚Äôs Anti- Terror preemptive strike‚Ä¶
86,"RT @abhijitmajumder: 1993 Mumbai
1998 Coimbatore
2001 Parliament attack
2002 Akshardham
2003, 2006 Mumbai trains
2005 Delhi
2006 Varanasi
2‚Ä¶"
87,RT @ANI: FM Jaitley: Cross border terror attack in Pulwama was a reality. Balakot Operation was India‚Äôs anti- terror preemptive strike to d‚Ä¶
88,RT @arunjaitley: The Cross Border terror attack in Pulwama was a reality. The Balakot Operation was India‚Äôs Anti- Terror preemptive strike‚Ä¶
89,"RT @abhijitmajumder: 1993 Mumbai
1998 Coimbatore
2001 Parliament attack
2002 Akshardham
2003, 2006 Mumbai trains
2005 Delhi
2006 Varanasi
2‚Ä¶"
90,"RT @abhijitmajumder: 1993 Mumbai
1998 Coimbatore
2001 Parliament attack
2002 Akshardham
2003, 2006 Mumbai trains
2005 Delhi
2006 Varanasi
2‚Ä¶"
91,"RT @EbullientMind: Modi didn't stop shoot/rallies after #Pulwama

Modi didn't stop rallies after commander #Abhinandan was captured.

Peopl‚Ä¶"
92,RT @arunjaitley: The Cross Border terror attack in Pulwama was a reality. The Balakot Operation was India‚Äôs Anti- Terror preemptive strike‚Ä¶
93,At the risk of screaming into the void: negotiate immediate return of captured pilot and proceed with conciliation‚Ä¶ https://t.co/u8sLmf8yQW
94,"RT @SureshNakhua: We agreed for peace 
they did 93‚Äô Mumbai

We agreed for peace 
they did Kargil

We agreed for peace 
they did Kandhar

We‚Ä¶"
95,RT @arunjaitley: The Cross Border terror attack in Pulwama was a reality. The Balakot Operation was India‚Äôs Anti- Terror preemptive strike‚Ä¶
96,"RT @iMac_too: To ""Modi's politicising it"" brigade led by Congress:

First act of politicisation in current series of events was Pulwama its‚Ä¶"
97,RT @IRISHINSAFIAN: How come I didn‚Äôt see or hear anything from the UK based women on #Kashmir or #Pulwama? but when Pakistan defends itself‚Ä¶
98,"RT @itsaynofficial: #WeStandWithYouAbhi
#SayNoToWar
I would like to ask Modi media that you did not find an evidence that how 350Kg RDx cam‚Ä¶"
99,"RT @SayeedaWarsi: My intervention today ‚Å¶@UKHouseofLords‚Å© 
Facts- ‚Å¶@ImranKhanPTI‚Å© has
1. Clearly &amp; unequivocally condemned #Pulwama attack‚Ä¶"
100,"RT @AaronBlake: Now the GOP attack is that Cohen's lawyer (Lanny Davis) is working for free and may have ulterior motives.

Who else's lawy‚Ä¶"
101,@CBSEveningNews @CBSMiami the way i see Cohen is going to jail so no hold bar the GOP on attack then throw it all o‚Ä¶ https://t.co/sqFHlzukLH
102,"RT @PreetBharara: People, there is a ton to attack Cohen on. Redundant harping on a potential book deal is silly and ineffective. And lazy."
103,"RT @GOPChairwoman: Michael Cohen has:
 
*Lied to Congress
*Lied to the IRS
*Made multiple false statements to multiple financial institutio‚Ä¶"
104,"RT @rishibagree: What Libtards say - #SayNotoWar 

What Libtards mean- 
Say yes to killings of Indian soldiers, Give clean chit to Pakistan‚Ä¶"
105,"RT @Zeesmagic: üî• The vote attack starts now üî•

Rt 
Reply x5 with different emojis 

Keep voting and spread the word around 

@zaynmalik #Me‚Ä¶"
106,"RT @PreetBharara: People, there is a ton to attack Cohen on. Redundant harping on a potential book deal is silly and ineffective. And lazy."
107,"RT @paulsperry_: BREAKING: Cohen testified that he went over ""topics"" that Democrats would raise at today's hearing with lead anti-Trump at‚Ä¶"
108,"RT @PreetBharara: People, there is a ton to attack Cohen on. Redundant harping on a potential book deal is silly and ineffective. And lazy."
109,RT @nripatunga: It‚Äôs sad that we have some cowardly Indians saying #SayNoToWar as if it is a choice we have. 40 soldiers blown in a gruesom‚Ä¶
110,"@KVBohra @narendramodi 1993 Mumbai
1998 Coimbatore
2001 Parliament attack
2002 Akshardham
2003, 2006 Mumbai trains‚Ä¶ https://t.co/xdsBZNlWsY"
111,RT @EricHolder: Jordan feels he has to attack the FBI and federal law enforcement to defend Trump. When it comes to credibility the men and‚Ä¶
112,"RT @Arsenal: üö® TEAM NEWS üö®

‚úÖ @MesutOzil1088 starts
‚úÖ @Aubameyang7 leads our attack
‚úÖ Sokratis returns to the starting line-up

#ARSBOU"
113,@AngrierWHStaff This is like watching two totally different Universes. One side they only attack Cohen and repeat w‚Ä¶ https://t.co/6jf5i6MaIP
114,RT @newtgingrich: So Hillary Clinton‚Äôs close friend helped convicted liar Michael Cohen write a vicious attack on the man he took money fro‚Ä¶
115,RT @chihchun: ‰∏äÂÄãÊúà apt Ë¢´ÁôºÁèæ‰∏ÄÂÄãÂÆâÂÖ®ÂïèÈ°å CVE-2019-3462[1]ÔºåÊîªÊìäËÄÖÊúâÊ©üÊúÉÂú®‰ΩøÁî®ËÄÖÂçáÁ¥öÊôÇÁôºËµ∑ man-in-the-middle attack Â°ûÂÖ•ÊÉ°ÊÑèËªüÈ´î„ÄÇÊ≠§ÂÆâÂÖ®ÂïèÈ°åÂ∑≤Á∂ì‰øÆÊ≠£ÔºåË´ãÂçáÁ¥öÁ≥ªÁµ±„ÄÇÂ¶ÇÊûúÈÇÑÂÜç‰ΩøÁî® 16.04/14.04 Á≠âÈï∑ÊúüÊîØÊè¥ÁâàÊú¨‚Ä¶
116,"RT @STATSAWARDS: If this tweet doesn't get to 300RTS until 9pm GMT (in 3 hours) there will be no second vote attack tonight, and I might ca‚Ä¶"
117,"RT @Arsenal: üö® TEAM NEWS üö®

‚úÖ @MesutOzil1088 starts
‚úÖ @Aubameyang7 leads our attack
‚úÖ Sokratis returns to the starting line-up

#ARSBOU"
118,"RT @ashoswai: What a day for Indian media!
Morning- Modi led our air force to enter inside Pakistan &amp; kill 300 terrorists to take revenge o‚Ä¶"
119,"RT @HappyCatsOnline: He powered up his attack
https://t.co/GBAsSDv73E"
120,RT @newtgingrich: So Hillary Clinton‚Äôs close friend helped convicted liar Michael Cohen write a vicious attack on the man he took money fro‚Ä¶
121,@arunjaitley Show some proove of that so cold anti-terror attack .. Uncle kahin vo ap ka ghar main to nae ho gya by mistake.
122,"RT @GOPChairwoman: Michael Cohen has:
 
*Lied to Congress
*Lied to the IRS
*Made multiple false statements to multiple financial institutio‚Ä¶"
123,"RT @PreetBharara: People, there is a ton to attack Cohen on. Redundant harping on a potential book deal is silly and ineffective. And lazy."
124,RT @EricHolder: Jordan feels he has to attack the FBI and federal law enforcement to defend Trump. When it comes to credibility the men and‚Ä¶
125,"RT @PrincessBravato: Mrs Miller might think its a waste of time but a witness just told you 
POTUS COMMITTED CRIMES IN OFFICE AND U ATTACK‚Ä¶"
126,RT @bleachbrs_en: Kenpachi's attack will crush you and leave you weakened! Coming soon! https://t.co/IQneXDf69q #BraveSouls https://t.co/4j‚Ä¶
127,"@naveenr1212 @GargaC Bring Drone Quadcopter next time with 40MP camera atleast.
May be then you able to count 350 l‚Ä¶ https://t.co/BUKY3FOiYw"
128,RT @nda4kerala: Awesome! @rajeev_mp tears into @b_kodiyeri for his Anti National statmnt dat the IAF attack was to sabotage #LokSabhaElecti‚Ä¶
129,"RT @abhijitmajumder: 1993 Mumbai
1998 Coimbatore
2001 Parliament attack
2002 Akshardham
2003, 2006 Mumbai trains
2005 Delhi
2006 Varanasi
2‚Ä¶"
130,RT @AngusReid: From our poll released today. The age factor in voting intentions is massive. Trudeau‚Äôs challenge is going to be how to mobi‚Ä¶
131,"RT @PreetBharara: People, there is a ton to attack Cohen on. Redundant harping on a potential book deal is silly and ineffective. And lazy."
132,@ZohaibN604 Sorry dude but trust me #Pakistan is the root cause of all #Terrorist Attack worldwide. Don‚Äôt Mess with‚Ä¶ https://t.co/ohzLbGkDb6
133,"RT @PreetBharara: People, there is a ton to attack Cohen on. Redundant harping on a potential book deal is silly and ineffective. And lazy."
134,#SayNoToWar yes why not say no to war but after aar par @PMOIndia sir the soldiers are united with u. As only tjey‚Ä¶ https://t.co/Ks9WwgbCsL
135,"RT @PreetBharara: People, there is a ton to attack Cohen on. Redundant harping on a potential book deal is silly and ineffective. And lazy."
136,RT @ashoswai: Modi has put India on danger by wounding one person and digging four holes in Pakistan the air attack! 2 minutes of airspace‚Ä¶
137,@RepCarolMiller Why do you choose to attack someone who is making amends? Do you realize that YOU are trying to cov‚Ä¶ https://t.co/6Ss7ZCE3Az
138,"RT @Arsenal: üö® TEAM NEWS üö®

‚úÖ @MesutOzil1088 starts
‚úÖ @Aubameyang7 leads our attack
‚úÖ Sokratis returns to the starting line-up

#ARSBOU"
139,"RT @PrincessBravato: Mrs Miller might think its a waste of time but a witness just told you 
POTUS COMMITTED CRIMES IN OFFICE AND U ATTACK‚Ä¶"
140,@Rmnroy242 @aajtak Yes you are right #Pakistan doesn't have power or possess that #courage to show. The one who is‚Ä¶ https://t.co/nQSIGfwym8
141,"RT @SenGillibrand: Safe and legal abortion is a constitutional right. It's health care. It's safe and normal. And right now, it's under dir‚Ä¶"
142,RT @Vikram_Sood: Revisting my earlier writing. After @gchikermane reminded me !  https://t.co/UfGWUNjTnV
143,"RT @paulsperry_: BREAKING: Cohen testified that he went over ""topics"" that Democrats would raise at today's hearing with lead anti-Trump at‚Ä¶"
144,"RT @GOPChairwoman: Michael Cohen has:
 
*Lied to Congress
*Lied to the IRS
*Made multiple false statements to multiple financial institutio‚Ä¶"
145,"RT @PreetBharara: People, there is a ton to attack Cohen on. Redundant harping on a potential book deal is silly and ineffective. And lazy."
146,RT @pxlsec: The Phishing Campaign That Uses Variations of Attack Patterns To Evade Detection https://t.co/hYa3hiNcVZ #infosec
147,"RT @STATSAWARDS: SHALL I REMIND YOU OUR OPPONENTS ARE ALSO HAVING A VOTE ATTACK RIGHT NOW AND ARE DOING BETTER THAN US SO FAR?

Only 9 fuck‚Ä¶"
148,@Rehmankhan49 @Zartasha_N_Awan @VORdotcom @Nauman90 Jo sawal maine kiya uska jawab do. Terrorists ko target kiya In‚Ä¶ https://t.co/iy7vEMAiEJ
149,"RT @PreetBharara: People, there is a ton to attack Cohen on. Redundant harping on a potential book deal is silly and ineffective. And lazy."
150,RT @Support_UGA: Attack the day! üëÄüí™ https://t.co/SEvBgQJF6v
151,"üö® TEAM NEWS üö®  
‚úÖ @MesutOzil1088 starts 
‚úÖ @Aubameyang7 leads our attack 
‚úÖ Sokratis returns to the starting line-up  

#ARSBOU"
152,"RT @Arsenal: üö® TEAM NEWS üö®

‚úÖ @MesutOzil1088 starts
‚úÖ @Aubameyang7 leads our attack
‚úÖ Sokratis returns to the starting line-up

#ARSBOU"
153,RT @EricHolder: Jordan feels he has to attack the FBI and federal law enforcement to defend Trump. When it comes to credibility the men and‚Ä¶
154,"RT @paulsperry_: BREAKING: Cohen testified that he went over ""topics"" that Democrats would raise at today's hearing with lead anti-Trump at‚Ä¶"
155,"RT @PreetBharara: People, there is a ton to attack Cohen on. Redundant harping on a potential book deal is silly and ineffective. And lazy."
156,"RT @PreetBharara: People, there is a ton to attack Cohen on. Redundant harping on a potential book deal is silly and ineffective. And lazy."
157,"RT @Arsenal: üö® TEAM NEWS üö®

‚úÖ @MesutOzil1088 starts
‚úÖ @Aubameyang7 leads our attack
‚úÖ Sokratis returns to the starting line-up

#ARSBOU"
158,RT @priyavprabhakar: FYI: a good number of the aircrafts used by India to attack Pakistan were procured from the Israeli Defence Forces
159,"RT @abhijitmajumder: 1993 Mumbai
1998 Coimbatore
2001 Parliament attack
2002 Akshardham
2003, 2006 Mumbai trains
2005 Delhi
2006 Varanasi
2‚Ä¶"
160,"RT @GOPChairwoman: Michael Cohen has:
 
*Lied to Congress
*Lied to the IRS
*Made multiple false statements to multiple financial institutio‚Ä¶"
161,"RT @majorgauravarya: I don‚Äôt want war. No soldier does, because it is he who pays the ultimate price. But you can‚Äôt attack India &amp; then exp‚Ä¶"
162,RT @EricHolder: Jordan feels he has to attack the FBI and federal law enforcement to defend Trump. When it comes to credibility the men and‚Ä¶
163,RT @Abhina_Prakash: Liberals are asking which nationalist is willing to swap place with the Wing Commander Abhinandan. Sure we will tell th‚Ä¶
164,"RT @tamascotchi: anime Pikachu getting hit by an attack: pikaaaa cha &gt;_&lt; 

detective Pikachu getting hit by an attack: ow shit god damnit w‚Ä¶"
165,"RT @etinmagbe: Wow!! So you guys really colluded with BH to attack those areas so you can use this as an excuse??

I've been unfollowing ev‚Ä¶"
166,"RT @Top_Sergeant: Hahaha,  #GOPbastards attack the credibility of #MichaelCohen but let's remember that #FatNixon hired him said he was a v‚Ä¶"
167,"RT @majorgauravarya: I don‚Äôt want war. No soldier does, because it is he who pays the ultimate price. But you can‚Äôt attack India &amp; then exp‚Ä¶"
168,"RT @DavidSpinks: Two rules I try to follow when communicating with my team and community:

1. praise in public, criticize in private
2. att‚Ä¶"
169,"RT @StrokeAHA_ASA: Check out March Stroke #EditorPick, ""Antiplatelet Therapy in Ischemic #Stroke and Transient Ischemic Attack: An Overview‚Ä¶"
170,"RT @raoo512: Yesterday every Indian was celebrating attack on Pakistan.
Today every Indian is talking about Geneva Convention.
What an iron‚Ä¶"
171,RT @joebereta: All the GOP questioners are escalating and yelling more and more  as the testimony continues... just like Kavanaugh. Loud me‚Ä¶
172,I can see what Emery is attempting with the wing back options as our only wide man Iwobi is out but 2 DM's one shou‚Ä¶ https://t.co/tfDvqWjw9B
173,"RT @PreetBharara: People, there is a ton to attack Cohen on. Redundant harping on a potential book deal is silly and ineffective. And lazy."
174,"RT @PreetBharara: People, there is a ton to attack Cohen on. Redundant harping on a potential book deal is silly and ineffective. And lazy."
175,"RT @PreetBharara: People, there is a ton to attack Cohen on. Redundant harping on a potential book deal is silly and ineffective. And lazy."
176,BFB-attack detected from 159.203.100.20 to SLOW_SSH_ATTACK on 27.02.2019 19:58:52
177,"RT @PreetBharara: People, there is a ton to attack Cohen on. Redundant harping on a potential book deal is silly and ineffective. And lazy."
178,"RT @GOPChairwoman: Michael Cohen has:
 
*Lied to Congress
*Lied to the IRS
*Made multiple false statements to multiple financial institutio‚Ä¶"
179,RT @realhublife: President Trump is brokering nuclear peace on the Korean peninsula and removing risk of an attack for the entire west coas‚Ä¶
180,"RT @ComicBook: The creator of #AttackOnTitan is embracing Disney with this Mickey Mouse mash up!
https://t.co/YVubdsnBsA https://t.co/eDoMO‚Ä¶"
181,"RT @Arsenal: üö® TEAM NEWS üö®

‚úÖ @MesutOzil1088 starts
‚úÖ @Aubameyang7 leads our attack
‚úÖ Sokratis returns to the starting line-up

#ARSBOU"
182,RT @7cats1dog0marbl: @mattbc On SSDI due to Migraine. Wish people understood a migraine attack has 3 stages (4 if auras present) &amp; only 1 i‚Ä¶
183,"RT @PreetBharara: People, there is a ton to attack Cohen on. Redundant harping on a potential book deal is silly and ineffective. And lazy."
184,"RT @RussianMemesLtd: Panic attack
Anxiety attack
Fear of the future
Desire to piss
Work I haven't finished
A chair with clothes that looks‚Ä¶"
185,RT @EricHolder: Jordan feels he has to attack the FBI and federal law enforcement to defend Trump. When it comes to credibility the men and‚Ä¶
186,"RT @TheBirmingham6: ""A huge attack on Corbyn and the Labour Party you can't defend yourself against...you can just make it up""
Jewish intel‚Ä¶"
187,@hater007 @nazimmirza333 @deuce_vatsal @memorable_90s Just because of one person the entire nation is saved. He mus‚Ä¶ https://t.co/yMcMoJrtur
188,"RT @Kokomothegreat: I NEVER wanna hear a Republican (ala Lindsey Graham on Kavanaugh) saying Dems make a partisan mockery of a hearing.

Mo‚Ä¶"
189,"RT @overrunbydogs: It's disconcerting to watch GOP attack Cohen &amp; fail to ask about Trump. It demonstrates they are protecting trump, wasti‚Ä¶"
190,RT @jennifermerr: Panic! Attack in the Bathroom at Work
191,"RT @Arsenal: üö® TEAM NEWS üö®

‚úÖ @MesutOzil1088 starts
‚úÖ @Aubameyang7 leads our attack
‚úÖ Sokratis returns to the starting line-up

#ARSBOU"
192,RT @michaeljswalker: However Labour responds to antisemitism it will still be used as an attack line. No-one on the left saying there is a‚Ä¶
193,"RT @PreetBharara: People, there is a ton to attack Cohen on. Redundant harping on a potential book deal is silly and ineffective. And lazy."
194,"RT @AskAnshul: Pakistan media quoted Rajdeep, Sagarika &amp; Ashok Swain to imply:

-No Air strike
-No solid evidence of strike.
-Pulwama attac‚Ä¶"
195,RT @cinartsz: It‚Äôs 2019 and I refuse to let myself be walked all over and let ppl attack me with their negativity
196,"RT @zaynsommia: The vote attack starts NOW. 
 GOAL: 100 replies + 300 RTs 

- RT 
- Reply with Icarus Falls songs
- RT the replies, RTs are‚Ä¶"
197,@Neo_Chocks Wang attack‚Äôa? Ketlo ho thola üòÇ
198,"RT @Arsenal: üö® TEAM NEWS üö®

‚úÖ @MesutOzil1088 starts
‚úÖ @Aubameyang7 leads our attack
‚úÖ Sokratis returns to the starting line-up

#ARSBOU"
199,RT @ashoswai: Modi has put India on danger by wounding one person and digging four holes in Pakistan the air attack! 2 minutes of airspace‚Ä¶
200,"RT @rahulpandita: I was chatting with a friend from the CRPF involved in the evacuation of Mi17 victims in Budgam, Kashmir. 

He wrote: who‚Ä¶"
201,"RT @ShefVaidya: We said #SayNoToWar, didn‚Äôt save the innocents who lost their lives on 26/11. We said #SayNoToWar, didn‚Äôt save the lives of‚Ä¶"
202,RT @rose_k01: @BDUTT Barkha the 45 CRPF Jawans killed in #Pulwana were ALL YOUNG. They died coz of Pakistan waging PROXY WAR. Soldiers like‚Ä¶
203,RT @Abhina_Prakash: Liberals are asking which nationalist is willing to swap place with the Wing Commander Abhinandan. Sure we will tell th‚Ä¶
204,"RT @SIFKtka: Congrats to the brave #IndianAirForce Men who led the #AirStrike and for the meticulous execution. @IAF_MCC 

Salute to PM @na‚Ä¶"
205,RT @ShefVaidya: Time to remember that the #IAF raids in Balakote didn‚Äôt happen coz India was seeking a thrill. They happened coz a Jaish-E-‚Ä¶
206,"RT @ashu3page: Our Casualty in last few days : 

44 CRPF 
6 army including 2 officers 
2 IAF pilots 
4 Airforce officers 
1 Pilot arrested‚Ä¶"
207,"RT @geetv79: For hours after #PulwamaAttack Nero was happily indulging in a narcissistic film-shoot: 
@RahulGandhi slams the callous neglig‚Ä¶"
208,"RT @rahulpandita: I was chatting with a friend from the CRPF involved in the evacuation of Mi17 victims in Budgam, Kashmir. 

He wrote: who‚Ä¶"
209,"RT @ShefVaidya: We said #SayNoToWar, didn‚Äôt save the innocents who lost their lives on 26/11. We said #SayNoToWar, didn‚Äôt save the lives of‚Ä¶"
210,"RT @Burhan_Wani1: Parveena Begum admitted in SDH Handwara #Kashmir &amp; was in urgent need of blood, provided blood by CRPF Madadgaar donated‚Ä¶"
211,Sadly at this time everyone is thinking about Abhinandan and his family but nobody is thinking about family of 44 C‚Ä¶ https://t.co/0ERGe1b7XC
212,RT @ShefVaidya: Time to remember that the #IAF raids in Balakote didn‚Äôt happen coz India was seeking a thrill. They happened coz a Jaish-E-‚Ä¶
213,"RT @ShefVaidya: We said #SayNoToWar, didn‚Äôt save the innocents who lost their lives on 26/11. We said #SayNoToWar, didn‚Äôt save the lives of‚Ä¶"
214,RT @ShefVaidya: Time to remember that the #IAF raids in Balakote didn‚Äôt happen coz India was seeking a thrill. They happened coz a Jaish-E-‚Ä¶
215,RT @Abhina_Prakash: Liberals are asking which nationalist is willing to swap place with the Wing Commander Abhinandan. Sure we will tell th‚Ä¶
216,"RT @ShefVaidya: We said #SayNoToWar, didn‚Äôt save the innocents who lost their lives on 26/11. We said #SayNoToWar, didn‚Äôt save the lives of‚Ä¶"
217,RT @ShefVaidya: Time to remember that the #IAF raids in Balakote didn‚Äôt happen coz India was seeking a thrill. They happened coz a Jaish-E-‚Ä¶
218,"RT @JantaKaReporter: Fallen CRPF soldier‚Äôs mother calls Indian air strikes in Pakistan a ‚Äòlie‚Äô
https://t.co/2HFYXbOKsK"
219,RT @Abhina_Prakash: Liberals are asking which nationalist is willing to swap place with the Wing Commander Abhinandan. Sure we will tell th‚Ä¶
220,RT @Abhina_Prakash: Liberals are asking which nationalist is willing to swap place with the Wing Commander Abhinandan. Sure we will tell th‚Ä¶
221,RT @ShefVaidya: Time to remember that the #IAF raids in Balakote didn‚Äôt happen coz India was seeking a thrill. They happened coz a Jaish-E-‚Ä¶
222,"‡§∏‡§≠‡•Ä ‡§¶‡•á‡§∂‡§µ‡§æ‡§∏‡§ø‡§Ø‡•ã‡§Ç ‡§∏‡•á ‡§Ö‡§®‡•Å‡§∞‡•ã‡§ß ‡§π‡•à ‡§ï‡§ø ""‡§∞‡•á‡§° ‡§Ö‡§≤‡§∞‡•ç‡§ü"" ‡§§‡§•‡§æ ""‡§ß‡§æ‡§∞‡§æ-‡•ß‡•™‡•™"" ‡§ï‡•á ‡§ö‡§≤‡§§‡•á ‡§™‡•Å‡§≤‡§ø‡§∏ ‡§µ ‡§∏‡•Å‡§∞‡§ï‡•ç‡§∑‡§æ‡§ï‡§∞‡•ç‡§Æ‡§ø‡§Ø‡•ã‡§Ç (#crpf #cisf) ‡§Ü‡§¶‡§ø ‡§ï‡§æ ‡§ï‡§æ‡§®‡•Ç‚Ä¶ https://t.co/8fDflB2D7R"
223,RT @ShefVaidya: Time to remember that the #IAF raids in Balakote didn‚Äôt happen coz India was seeking a thrill. They happened coz a Jaish-E-‚Ä¶
224,RT @MLCvijaysingh: Highly condemnable the attack on #CRPF jawans in #Pulwama.Deepest condolences to the family of the martyred .May the inj‚Ä¶
225,"RT @suchitrav: Yet, what remains a mystery is how such a large amount of RDX could have been smuggled into the Valley from Pakistan through‚Ä¶"
226,RT @Abhina_Prakash: Liberals are asking which nationalist is willing to swap place with the Wing Commander Abhinandan. Sure we will tell th‚Ä¶
227,"RT @ShefVaidya: We said #SayNoToWar, didn‚Äôt save the innocents who lost their lives on 26/11. We said #SayNoToWar, didn‚Äôt save the lives of‚Ä¶"
228,"RT @ShefVaidya: We said #SayNoToWar, didn‚Äôt save the innocents who lost their lives on 26/11. We said #SayNoToWar, didn‚Äôt save the lives of‚Ä¶"
229,RT @ShefVaidya: Time to remember that the #IAF raids in Balakote didn‚Äôt happen coz India was seeking a thrill. They happened coz a Jaish-E-‚Ä¶
230,RT @Abhina_Prakash: Liberals are asking which nationalist is willing to swap place with the Wing Commander Abhinandan. Sure we will tell th‚Ä¶
231,RT @Abhina_Prakash: Liberals are asking which nationalist is willing to swap place with the Wing Commander Abhinandan. Sure we will tell th‚Ä¶
232,"RT @ShefVaidya: We said #SayNoToWar, didn‚Äôt save the innocents who lost their lives on 26/11. We said #SayNoToWar, didn‚Äôt save the lives of‚Ä¶"
233,"RT @Nikhil_Dwivedi: Can't understand this sudden #SayNoToWar clamor?? India did not start any war. Not now
Not ever. Violence was perpetrat‚Ä¶"
234,"RT @SudarshanNewsTV: ‡§≠‡§æ‡§∞‡§§ ‡§ï‡•á ‡§Ö‡§®‡•ç‡§¶‡§∞ ‡§π‡•Ä #CRPF ‡§ï‡•á 2 ‡§ú‡§µ‡§æ‡§®‡•ã‡§Ç  ‡§™‡§∞ ‡§π‡§Æ‡§≤‡§æ. ‡§ú‡§ø‡§≤‡§æ ‡§â‡§§‡•ç‡§§‡§∞ ‡§™‡•ç‡§∞‡§¶‡•á‡§∂ ‡§ï‡§æ #‡§Æ‡§ä ‡§î‡§∞ ‡§ú‡§ó‡§π ‡§ï‡§æ ‡§®‡§æ‡§Æ ‚Äú‡§´‡§æ‡§§‡§ø‡§Æ‡§æ ‡§ö‡•å‡§∞‡§æ‡§π‡§æ‚Äù

@maupolice @Uppol‚Ä¶"
235,"RT @ShefVaidya: We said #SayNoToWar, didn‚Äôt save the innocents who lost their lives on 26/11. We said #SayNoToWar, didn‚Äôt save the lives of‚Ä¶"
236,"RT @ShefVaidya: We said #SayNoToWar, didn‚Äôt save the innocents who lost their lives on 26/11. We said #SayNoToWar, didn‚Äôt save the lives of‚Ä¶"
237,"RT @ShefVaidya: We said #SayNoToWar, didn‚Äôt save the innocents who lost their lives on 26/11. We said #SayNoToWar, didn‚Äôt save the lives of‚Ä¶"
238,RT @ShefVaidya: Time to remember that the #IAF raids in Balakote didn‚Äôt happen coz India was seeking a thrill. They happened coz a Jaish-E-‚Ä¶
239,RT @ShefVaidya: Time to remember that the #IAF raids in Balakote didn‚Äôt happen coz India was seeking a thrill. They happened coz a Jaish-E-‚Ä¶
240,"RT @ShefVaidya: We said #SayNoToWar, didn‚Äôt save the innocents who lost their lives on 26/11. We said #SayNoToWar, didn‚Äôt save the lives of‚Ä¶"
241,"RT @ShefVaidya: We said #SayNoToWar, didn‚Äôt save the innocents who lost their lives on 26/11. We said #SayNoToWar, didn‚Äôt save the lives of‚Ä¶"
242,"RT @ShefVaidya: We said #SayNoToWar, didn‚Äôt save the innocents who lost their lives on 26/11. We said #SayNoToWar, didn‚Äôt save the lives of‚Ä¶"
243,"RT @ShefVaidya: We said #SayNoToWar, didn‚Äôt save the innocents who lost their lives on 26/11. We said #SayNoToWar, didn‚Äôt save the lives of‚Ä¶"
244,RT @IndiaToday: The Narendra Modi government and our forces should continue the airstrikes until terrorism is completely finished in Pakist‚Ä¶
245,@MirMAKOfficial terrorists are happily living in pak.Those ppl assasinated india's CRPF team killing 44 soldiers an‚Ä¶ https://t.co/qXuLzyFjRj
246,RT @Abhina_Prakash: Liberals are asking which nationalist is willing to swap place with the Wing Commander Abhinandan. Sure we will tell th‚Ä¶
247,RT @Abhina_Prakash: Liberals are asking which nationalist is willing to swap place with the Wing Commander Abhinandan. Sure we will tell th‚Ä¶
248,"RT @ShefVaidya: We said #SayNoToWar, didn‚Äôt save the innocents who lost their lives on 26/11. We said #SayNoToWar, didn‚Äôt save the lives of‚Ä¶"
249,"RT @ShefVaidya: We said #SayNoToWar, didn‚Äôt save the innocents who lost their lives on 26/11. We said #SayNoToWar, didn‚Äôt save the lives of‚Ä¶"
250,RT @Abhina_Prakash: Liberals are asking which nationalist is willing to swap place with the Wing Commander Abhinandan. Sure we will tell th‚Ä¶
251,@AdityaMenon22 1. And what exactly did you when Kashmri Pandits were ousted from their own homes and men were asked‚Ä¶ https://t.co/YoIvIJmF9I
252,RT @Abhina_Prakash: Liberals are asking which nationalist is willing to swap place with the Wing Commander Abhinandan. Sure we will tell th‚Ä¶
253,RT @rose_k01: @BDUTT Barkha the 45 CRPF Jawans killed in #Pulwana were ALL YOUNG. They died coz of Pakistan waging PROXY WAR. Soldiers like‚Ä¶
254,"RT @Bismilbulbul: @rahulpandita But PM Modi has given free hand ?? which free hand PM hs given ? still CRPF begging ? not acceptable , ston‚Ä¶"
255,RT @Abhina_Prakash: Liberals are asking which nationalist is willing to swap place with the Wing Commander Abhinandan. Sure we will tell th‚Ä¶
256,RT @IndiaToday: The Narendra Modi government and our forces should continue the airstrikes until terrorism is completely finished in Pakist‚Ä¶
257,RT @Abhina_Prakash: Liberals are asking which nationalist is willing to swap place with the Wing Commander Abhinandan. Sure we will tell th‚Ä¶
258,RT @IndiaToday: The Narendra Modi government and our forces should continue the airstrikes until terrorism is completely finished in Pakist‚Ä¶
259,RT @Abhina_Prakash: Liberals are asking which nationalist is willing to swap place with the Wing Commander Abhinandan. Sure we will tell th‚Ä¶
260,RT @ShefVaidya: Time to remember that the #IAF raids in Balakote didn‚Äôt happen coz India was seeking a thrill. They happened coz a Jaish-E-‚Ä¶
261,"RT @padhalikha: DEATHS during PEACETIME 

44 CRPF Jawans blasted on Feb 14. 
270 civilians killed during 26/11 
4700+ soldiers killed in Ka‚Ä¶"
262,RT @Abhina_Prakash: Liberals are asking which nationalist is willing to swap place with the Wing Commander Abhinandan. Sure we will tell th‚Ä¶
263,RT @vijaita: NIA conducts searches at 11 locations in South Kashmir regarding the Pulwama terror attack case where 40 CRPF personnel were k‚Ä¶
264,RT @Abhina_Prakash: Liberals are asking which nationalist is willing to swap place with the Wing Commander Abhinandan. Sure we will tell th‚Ä¶
265,"RT @samajwadkiawaz: Our Casualty in last few days : 

44 CRPF 
6 army including 2 officers 
2 IAF pilots 
4 Airforce officers 
1 Pilot arre‚Ä¶"
266,"RT @ShefVaidya: We said #SayNoToWar, didn‚Äôt save the innocents who lost their lives on 26/11. We said #SayNoToWar, didn‚Äôt save the lives of‚Ä¶"
267,"BJP leaders have been doing election rallies, Modi has been attending party events, when CRPF jawans were martyred‚Ä¶ https://t.co/mKpvHR7nms"
268,"RT @WordOfTheFree: A few days ago: tears for killed CRPF personnel.
Today: Lauding the man who got them killed.
Indian fourth estate fifth‚Ä¶"
269,"RT @ashu3page: Our Casualty in last few days : 

44 CRPF 
6 army including 2 officers 
2 IAF pilots 
4 Airforce officers 
1 Pilot arrested‚Ä¶"
270,RT @ShefVaidya: Time to remember that the #IAF raids in Balakote didn‚Äôt happen coz India was seeking a thrill. They happened coz a Jaish-E-‚Ä¶
271,"RT @ShefVaidya: We said #SayNoToWar, didn‚Äôt save the innocents who lost their lives on 26/11. We said #SayNoToWar, didn‚Äôt save the lives of‚Ä¶"
272,RT @Abhina_Prakash: Liberals are asking which nationalist is willing to swap place with the Wing Commander Abhinandan. Sure we will tell th‚Ä¶
273,"RT @SitaramYechury: BJP leaders have been doing election rallies, Modi has been attending party events, when CRPF jawans were martyred or w‚Ä¶"
274,"RT @ShefVaidya: We said #SayNoToWar, didn‚Äôt save the innocents who lost their lives on 26/11. We said #SayNoToWar, didn‚Äôt save the lives of‚Ä¶"
275,RT @Abhina_Prakash: Liberals are asking which nationalist is willing to swap place with the Wing Commander Abhinandan. Sure we will tell th‚Ä¶
276,"RT @SudarshanNewsTV: ‡§≠‡§æ‡§∞‡§§ ‡§ï‡•á ‡§Ö‡§®‡•ç‡§¶‡§∞ ‡§π‡•Ä #CRPF ‡§ï‡•á 2 ‡§ú‡§µ‡§æ‡§®‡•ã‡§Ç  ‡§™‡§∞ ‡§π‡§Æ‡§≤‡§æ. ‡§ú‡§ø‡§≤‡§æ ‡§â‡§§‡•ç‡§§‡§∞ ‡§™‡•ç‡§∞‡§¶‡•á‡§∂ ‡§ï‡§æ #‡§Æ‡§ä ‡§î‡§∞ ‡§ú‡§ó‡§π ‡§ï‡§æ ‡§®‡§æ‡§Æ ‚Äú‡§´‡§æ‡§§‡§ø‡§Æ‡§æ ‡§ö‡•å‡§∞‡§æ‡§π‡§æ‚Äù

@maupolice @Uppol‚Ä¶"
277,"RT @rahulpandita: I was chatting with a friend from the CRPF involved in the evacuation of Mi17 victims in Budgam, Kashmir. 

He wrote: who‚Ä¶"
278,"RT @ashu3page: Our Casualty in last few days : 

44 CRPF 
6 army including 2 officers 
2 IAF pilots 
4 Airforce officers 
1 Pilot arrested‚Ä¶"
279,"RT @rahulpandita: I was chatting with a friend from the CRPF involved in the evacuation of Mi17 victims in Budgam, Kashmir. 

He wrote: who‚Ä¶"
280,RT @ShefVaidya: Time to remember that the #IAF raids in Balakote didn‚Äôt happen coz India was seeking a thrill. They happened coz a Jaish-E-‚Ä¶
281,"RT @ShefVaidya: We said #SayNoToWar, didn‚Äôt save the innocents who lost their lives on 26/11. We said #SayNoToWar, didn‚Äôt save the lives of‚Ä¶"
282,RT @ShikhaJunejaM: @rahulpandita Ufff . All this after all that has happened. My heart goes out to the CRPF jawans
283,"RT @rahulpandita: I was chatting with a friend from the CRPF involved in the evacuation of Mi17 victims in Budgam, Kashmir. 

He wrote: who‚Ä¶"
284,RT @ShefVaidya: Time to remember that the #IAF raids in Balakote didn‚Äôt happen coz India was seeking a thrill. They happened coz a Jaish-E-‚Ä¶
285,RT @keel1616: Dumeels who are furiously tweeting #BringAbhinandanBack were deriding the death of 2 CRPF jawans from TN saying why did they‚Ä¶
286,"RT @rahulpandita: I was chatting with a friend from the CRPF involved in the evacuation of Mi17 victims in Budgam, Kashmir. 

He wrote: who‚Ä¶"
287,"@sagarikaghose Bleeding mother con story ,why not such compassion for CRPF myrtyrs ~~?"
288,RT @Abhina_Prakash: Liberals are asking which nationalist is willing to swap place with the Wing Commander Abhinandan. Sure we will tell th‚Ä¶
289,RT @ShefVaidya: Time to remember that the #IAF raids in Balakote didn‚Äôt happen coz India was seeking a thrill. They happened coz a Jaish-E-‚Ä¶
290,"RT @ShefVaidya: We said #SayNoToWar, didn‚Äôt save the innocents who lost their lives on 26/11. We said #SayNoToWar, didn‚Äôt save the lives of‚Ä¶"
291,"RT @gallerygrandeur: Our Casualty in last 11 days : 

44 CRPF 
6 Army including 2 Officers 
2 IAF Pilots 
4 Airforce Officers 
1 Pilot arre‚Ä¶"
292,"RT @India_Policy: Lastly, those who are referring to Imran Khan as statesman, please ask him to turn over Azhar Massod and other terrorists‚Ä¶"
293,RT @IndiaToday: The Narendra Modi government and our forces should continue the airstrikes until terrorism is completely finished in Pakist‚Ä¶
294,"RT @padhalikha: DEATHS during PEACETIME 

44 CRPF Jawans blasted on Feb 14. 
270 civilians killed during 26/11 
4700+ soldiers killed in Ka‚Ä¶"
295,RT @Abhina_Prakash: Liberals are asking which nationalist is willing to swap place with the Wing Commander Abhinandan. Sure we will tell th‚Ä¶
296,RT @ShefVaidya: Time to remember that the #IAF raids in Balakote didn‚Äôt happen coz India was seeking a thrill. They happened coz a Jaish-E-‚Ä¶
297,"RT @ShefVaidya: We said #SayNoToWar, didn‚Äôt save the innocents who lost their lives on 26/11. We said #SayNoToWar, didn‚Äôt save the lives of‚Ä¶"
298,"RT @ipunamchoudhary: Which one of the peace loving free thinker, who don't tweet a single line in free want to take the place of Army perso‚Ä¶"
299,"RT @ShefVaidya: We said #SayNoToWar, didn‚Äôt save the innocents who lost their lives on 26/11. We said #SayNoToWar, didn‚Äôt save the lives of‚Ä¶"
